S. No.,Banks,Year(Month),Solvency Core Capital,Total C a pital Fund,CCAR# (In %),CAR# (In %),Liquidity Total Deposit,LCY Deposit,Total Loan,L C Y L o an,CCD R a t i o * (In %),Net Liquidity (In %),SLR (In %),Base Rate (In %),Spread (In %),NPL* (In %),Net NPL (In %),Total Priority Sector Loan,Public Deposit
1,Nepal Bank Ltd.,2077(12),23220,24861,14.37,15.38,153490,153067,136215,136212,74.55,25.47,22.32,5.98,4.37,2.29,,50.88,97563
2,Rastriya Banijya Bank Ltd.,2077(12),22310,24539,11.71,12.88,244287,242056,180576,180576,68.57,37.9,35.42,5.5,4.4,3.62,,39.14,187831
3,Agriculture Dev. Bank Ltd.,2077(12),28660,39103,15.47,21.1,145493,145487,145224,145224,77.3,26.82,24.29,7.48,4.35,3.08,,51.95,91661
,Sub Total,2077(12),74190,88503,13.8,16.47,543270,540610,462015,462012,72.81,31.43,28.73,6.32,4.37,3.06,,46.57,377054
4,Nabil Bank Ltd.,2077(12),24470,29024,10.35,12.28,214480,199100,193461,180926,81.25,23.58,20.98,6.18,3.2,0.48,,22.71,112104
5,Nepal Investment Bank Ltd.,2077(12),25682,34212,11.1,14.78,167730,157127,165580,149486,79.5,25.03,21.73,5.9,3.57,2.32,,23.18,94106
6,Standard Chartered Bank Nepal Ltd.,2077(12),14884,16248,16.36,17.86,84102,68480,65515,62230,74.23,42.54,32.22,5.33,4.05,0.5,,7.32,47391
7,Himalayan Bank Ltd.,2077(12),17041,21315,10.55,13.19,137798,123671,127650,112663,75.97,23.5,23.02,6.75,3.34,0.81,,24.48,78678
8,Nepal SBI Bank Ltd.,2077(12),14454,17918,11.42,14.15,101159,99777,101784,89994,75.24,20.75,24.67,7.46,3.33,0.23,,23.78,56916
9,Nepal Bangladesh Bank Ltd.,2077(12),13578,16555,11.3,13.77,75281,74576,68831,67865,76.15,29.81,23.48,7.45,4.02,1.91,,28.55,30941
10,Everest Bank Ltd.,2077(12),16890,18681,11.59,12.82,156348,153137,127095,121578,69.75,41.03,28.95,6.09,3.36,0.12,,15.9,89639
11,Bank of Kathmandu Ltd.,2077(12),14089,16678,11.72,13.88,97820,96500,97953,92201,83.28,25.16,21.97,7.6,3.26,1.86,,20.78,52225
12,Nepal Credit and Commerce Bank Ltd.,2077(12),13392,17620,10.47,13.78,105096,103537,94086,91708,75.89,23.04,20.31,7.41,3.74,2.05,,24.32,45352
13,NIC Asia Bank Ltd.,2077(12),17943,28287,7.26,11.44,295613,286427,259999,259992,82.87,20.24,15.63,6.77,4.38,0.47,,24.52,148303
14,Machhapuchhre Bank Ltd.,2077(12),11682,16038,8.56,11.75,126681,120542,115352,109241,80.39,22.52,18.06,7.09,4.04,0.51,,27.17,78702
15,Kumari Bank Ltd.,2077(12),16964,21686,10.94,13.98,138858,134840,134705,125056,81.6,20.15,22.13,7.63,3.19,1.09,,23.85,74838
16,Laxmi Bank Ltd.,2077(12),12937,16405,9.24,11.72,110678,106144,105986,99071,78.56,20.73,15.36,6.79,3.59,0.71,,28.52,69149
17,Siddharth Bank Ltd.,2077(12),16026,25186,8.51,13.37,175752,173512,159228,153010,77.83,24.7,15.82,6.99,3.9,0.88,,29.73,95688
18,GlobalIME Bank Ltd.,2077(12),29056,36321,10.57,13.22,258534,255569,235543,223953,76.66,26.92,23.44,6.4,4,1.61,,26.83,153639
19,Citizens Bank International Ltd.,2077(12),15369,18957,11.24,13.86,128858,127041,113898,113898,78.9,23.87,23.52,7.44,3.86,1.83,,29.86,72090
20,Prime Commercial Bank Ltd.,2077(12),22237,23963,13.06,14.07,146085,143425,134897,134234,82.33,23.12,17.58,7.14,4.38,0.86,,24.92,64757
21,Sunrise Bank Ltd.,2077(12),12573,17570,9.96,13.91,104732,102895,96615,96101,77.47,24.56,23.25,7.23,3.68,1.94,,29.6,64140
22,NMB Bank Ltd.,2077(12),22145,25383,11.59,13.28,162703,153646,154824,148056,79.89,22.78,15.18,7.19,3.37,1.97,,30.29,91567
23,Prabhu Bank Ltd.,2077(12),15095,20104,8.66,11.53,167487,165884,141898,141898,73.57,26.13,21.97,7.06,3.5,1.48,,22.55,88763
24,Mega Bank Nepal Ltd.,2077(12),18901,20624,11.18,12.2,143586,136046,138177,133923,83.55,21.53,15.33,7.54,3.62,1.31,,26.88,79445
25,Civil Bank Ltd.,2077(12),10021,10941,10.47,11.43,87897,84955,81446,76639,80.33,22.93,18.39,7.82,3.38,1.13,,29.25,37261
26,Century Commercial Bank Ltd.,2077(12),10056,10936,11.34,12.33,89200,88950,77005,76374,76.27,26.55,23.28,7.77,3.6,2.96,,23.15,43880
27,Sanima Bank Ltd.,2077(12),12905,19031,9.49,13.99,124877,118945,116728,113994,82.96,21.59,15.29,6.23,4.07,0.21,,27.35,78740
,Sub Total,2077(12),398388,499682,10.5,13.18,3401355,3274724,3108255,2974091,78.73,24.76,20.44,6.97,3.68,1.17,,25.02,1848314
,Grand Total,2077(12),472579,588185,10.91,13.58,3944625,3815334,3570270,3436103,77.88,0.26,21.64,6.9,3.76,1.41,,27.82,2225368
1,Nepal Bank Ltd.,2078(03),24177,29583,14.64,17.91,163552,163157,145018,145016,73.81,26.81,23.74,5.73,4.34,2.1,,47.91,107543
2,Rastriya Banijya Bank Ltd.,2078(03),24862,29891,11.9,14.31,265920,265492,196002,195959,68.34,37.1,32.54,5.41,4.37,3.07,,37.79,155747
3,Agriculture Dev. Bank Ltd.,2078(03),29098,45952,14.76,23.31,162966,162960,151471,151471,77.32,36.21,28.13,7.13,4.37,1.84,,70.55,97076
,Sub Total,2078(03),78137,105426,13.68,18.46,592438,591609,492491,492446,72.52,34.02,28.89,6.09,4.36,2.41,,50.89,360365
4,Nabil Bank Ltd.,2078(03),26932,31600,10.82,12.69,228018,213722,205611,191521,79.4,23.49,20.06,5.86,3.79,0.78,,25.57,113146
5,Nepal Investment Bank Ltd.,2078(03),25775,34198,11.03,14.64,176047,164509,167183,147946,75.78,25.9,21.87,5.54,3.33,2.46,,26.1,97096
6,Standard Chartered Bank Nepal Ltd.,2078(03),15102,16697,15.53,17.17,95991,75718,71906,68867,74.84,42.68,23.57,5.51,3.88,0.96,,19.07,49140
7,Himalayan Bank Ltd.,2078(03),18803,23320,11.16,13.85,149382,132296,132858,116616,79.24,26.51,21.74,6.75,3.31,0.48,,23.84,82159
8,Nepal SBI Bank Ltd.,2078(03),14442,18152,11.09,13.93,106217,104242,101578,91129,74.98,24.97,24.63,7.37,3.18,0.23,,24.96,59817
9,Nepal Bangladesh Bank Ltd.,2078(03),14272,17447,11.4,13.94,89383,88790,71202,70342,69.76,39.25,27.76,7.34,3.55,1.55,,32.46,35919
10,Everest Bank Ltd.,2078(03),17196,19095,11.26,12.51,160899,158878,134954,127780,73.44,42.69,25.26,5.99,3.24,0.12,,17.55,94293
11,Bank of Kathmandu Ltd.,2078(03),14485,17311,11.73,14.02,104324,103222,98888,93856,80.03,28.36,23.03,7.44,3.03,2.51,,26.38,53759
12,Nepal Credit and Commerce Bank Ltd.,2078(03),13560,18077,10.35,13.8,110773,109251,99907,96969,79.41,23.52,19.6,7.57,3.76,1.78,,21.75,47807
13,NIC Asia Bank Ltd.,2078(03),18510,30575,7.51,12.41,300252,297773,264840,264832,81.96,20.64,17.27,6.84,3.73,0.46,,24.83,152652
14,Machhapuchhre Bank Ltd.,2078(03),11979,16629,8.64,12,134486,129501,116373,110752,80.08,27.22,20.4,7.26,3.82,0.62,,26.39,81384
15,Kumari Bank Ltd.,2078(03),17189,22355,10.53,13.69,157178,151918,143772,133963,81.35,23.25,21.42,7.9,3.13,1.08,,26.67,78842
16,Laxmi Bank Ltd.,2078(03),13211,16880,9.27,11.85,117013,113043,108655,102334,79.63,22.4,13.8,7.04,3.42,1.21,,21.58,73516
17,Siddharth Bank Ltd.,2078(03),16600,26094,8.56,13.45,185197,182356,165679,159612,80.12,25.46,22.29,7.16,3.7,1.16,,29.65,101305
18,GlobalIME Bank Ltd.,2078(03),29352,36731,10.52,13.17,283349,280110,242505,229754,76.41,29.89,25.08,6.6,3.49,1.42,,26.49,162299
19,Citizens Bank International Ltd.,2078(03),16833,20805,11.24,13.89,143003,140503,123642,123642,77.53,26.36,22.17,7.55,3.59,2.77,,32.69,82291
20,Prime Commercial Bank Ltd.,2078(03),22800,27352,12.58,15.1,160190,158290,142983,141792,79.6,25.12,19.5,7.22,4.09,1.45,,27,68514
21,Sunrise Bank Ltd.,2078(03),13101,18398,9.79,13.75,110181,107328,103375,100585,81.31,24.74,21.74,6.74,4.03,1.38,,30.65,67502
22,NMB Bank Ltd.,2078(03),22242,29445,11.4,15.09,166454,161956,158044,151608,79.86,27.52,17.08,7.33,3.09,2.27,,30.39,94933
23,Prabhu Bank Ltd.,2078(03),14990,22635,8.66,13.07,169727,167029,142257,142257,76.55,27.77,21.99,6.88,3.65,1.68,,22.53,94738
24,Mega Bank Nepal Ltd.,2078(03),19228,21153,11.8,12.98,145288,138835,141118,135027,82.68,22.54,13.77,7.53,4.16,1.27,,27.88,81528
25,Civil Bank Ltd.,2078(03),10091,11199,10.75,11.93,90345,87662,83038,78998,81.19,22.31,19.08,7.83,2.52,1.05,,27.9,38629
26,Century Commercial Bank Ltd.,2078(03),10472,11558,11.18,12.34,96997,96828,81389,80769,79.34,27.68,21.64,7.8,3.26,1.95,,24.76,43694
27,Sanima Bank Ltd.,2078(03),13266,19488,9.21,13.54,130882,126929,122693,118152,82.43,22.15,18.29,6.34,3.73,0.16,,26.92,82191
,Sub Total,2078(03),410430,527195,10.52,13.51,3611578,3490689,3224450,3079106,78.78,26.74,20.81,6.98,3.52,1.25,,26.02,1937153
,Grand Total,2078(03),488567,632621,10.92,14.14,4204016,4082298,3716941,3571551,77.88,27.77,21.97,6.88,3.61,1.4,,29.29,2297519
1,Nepal Bank Ltd.,2078(06),23246,28772,13.27,16.42,173610,173058,157591,157589,85.4,22.78,22.2,6.26,3.69,2,,55.41,121540
2,Rastriya Banijya Bank Ltd.,2078(06),25617,31217,11.62,14.16,242513,242250,206649,206140,84.7,29.65,28.52,5.63,3.99,3.01,,39.05,167517
3,Agriculture Dev. Bank Ltd.,2078(06),29083,33994,13.41,15.67,153412,152562,165526,165526,91.86,23.61,23.8,7.12,4.36,2.09,,77.23,97352
,Sub Total,2078(06),77946,93984,12.72,15.34,569535,567871,529766,529255,87.04,25.93,25.33,6.33,4.01,2.42,,55.25,386409
4,Nabil Bank Ltd.,2078(06),28050,35645,10.69,13.58,231141,216712,214169,200598,89.53,23.16,19.74,6.8,3.18,1.13,,26.84,117962
5,Nepal Investment Bank Ltd.,2078(06),26850,35769,10.9,14.52,172720,163218,173615,156950,95.59,25.65,17.89,6.77,2.59,2.27,,23.61,99074
6,Standard Chartered Bank Nepal Ltd.,2078(06),15458,17197,14.46,16.09,94021,75220,83774,76695,83.52,28.03,17.93,5.18,4.04,0.67,,18.46,51036
7,Himalayan Bank Ltd.,2078(06),19153,23430,10.37,12.69,150898,133716,145822,129973,91.68,19.15,19.03,7.73,2.64,0.58,,25.55,83625
8,Nepal SBI Bank Ltd.,2078(06),14631,18491,10.39,13.13,108728,106686,109797,98638,94.5,18.35,22.36,8.11,3.09,0.17,,24.28,61208
9,Nepal Bangladesh Bank Ltd.,2078(06),14641,17893,11.41,13.94,80142,79544,74528,73618,88.25,29.15,24.48,7.92,2.84,1.71,,32.18,35918
10,Everest Bank Ltd.,2078(06),17941,19932,11.26,12.51,164481,159343,143942,137509,86.61,29.84,24.61,7,2.61,0.13,,23.96,99955
11,Bank of Kathmandu Ltd.,2078(06),14728,17644,11.18,13.4,104355,100864,104649,100197,92.83,23.37,19.13,8.56,2.89,1.72,,26.86,55973
12,Nepal Credit and Commerce Bank Ltd.,2078(06),13605,18255,9.33,12.51,122199,118332,114300,110487,90.14,22.45,16.02,8.12,3.33,1.48,,27.06,50200
13,NIC Asia Bank Ltd.,2078(06),19410,32506,7.3,12.23,311437,294082,277847,277839,87.32,20.1,10.69,7.48,4.08,0.49,,23.99,156470
14,Machhapuchhre Bank Ltd.,2078(06),12311,19353,8.05,12.65,134652,127241,128418,123119,87.78,19.62,15.52,7.63,3.38,0.5,,26.63,83202
15,Kumari Bank Ltd.,2078(06),17341,22716,9.27,12.14,166344,161009,157617,148267,92.13,18.8,18.69,7.88,2.71,0.82,,25.15,84420
16,Laxmi Bank Ltd.,2078(06),13770,19627,9.03,12.87,120665,115362,117351,112837,91.85,19.11,12.02,7.56,3,0.49,,21.39,78822
17,Siddharth Bank Ltd.,2078(06),17681,27093,8.51,13.05,192201,184647,180859,174182,87.99,21.15,18.15,7.57,3.47,0.54,,28.18,108138
18,GlobalIME Bank Ltd.,2078(06),30092,38397,9.91,12.65,277047,273757,265713,250196,88.31,21.13,20.62,7.41,2.81,1.62,,29.49,166173
19,Citizens Bank International Ltd.,2078(06),17058,21074,10.51,12.99,145610,142806,132755,132755,87.62,21.48,20.42,7.8,3.53,1.91,,28.1,87832
20,Prime Commercial Bank Ltd.,2078(06),23336,28142,12.08,14.56,164667,162793,150809,149630,90.2,21.57,18.15,8.27,3.08,0.62,,26.35,71896
21,Sunrise Bank Ltd.,2078(06),13280,18627,9.02,12.65,132094,129900,118653,114828,84.24,26.03,22.78,8.4,2.46,1.13,,34.85,81696
22,NMB Bank Ltd.,2078(06),23132,30506,10.98,14.48,175666,170202,172819,165448,91.55,22.16,15.02,7.96,3.02,1.85,,32.53,103355
23,Prabhu Bank Ltd.,2078(06),15421,23105,8.63,12.92,168345,166492,145922,145922,81.22,24.76,21.75,7.63,3.38,1.61,,21.46,96887
24,Mega Bank Nepal Ltd.,2078(06),19770,21759,11.59,12.76,148276,143561,144934,140463,91.93,21.34,13.27,9.81,3.48,0.89,,27.11,87983
25,Civil Bank Ltd.,2078(06),10384,11596,10.38,11.59,94587,91047,86101,78588,89.2,21.57,16.69,8.26,3.29,0.96,,23.45,42586
26,Century Commercial Bank Ltd.,2078(06),10685,11870,10.45,11.61,96708,95041,87212,86332,89.25,21.19,18.81,8.09,2.74,1.88,,24.7,44385
27,Sanima Bank Ltd.,2078(06),13844,20541,9.06,13.45,143944,139409,132136,126748,85.63,23.63,18.53,7.45,2.69,0.11,,26.87,92670
,Sub Total,2078(06),422573,551169,10.08,13.14,3700927,3550986,3463743,3311818,89.05,22.38,18.14,7.72,3.1,1.05,,26.31,2041465
,Grand Total,2078(06),500519,645153,10.41,13.42,4270463,4118857,3993510,3841073,88.78,22.85,19.13,7.57,3.2,1.23,,29.96,2427875
1,Nepal Bank Ltd.,2078(09),23338,29032,12.37,15.39,183342,182985,172912,170194,91.49,23.72,19.91,7.08,2.91,1.91,,61.51,143352
2,Rastriya Banijya Bank Ltd.,2078(09),25791,31567,11.21,13.72,244515,244298,213892,213288,86.89,26.3,22.13,6.6,3.61,3.06,,37.62,171556
3,Agriculture Dev. Bank Ltd.,2078(09),30512,35789,13.9,16.3,157684,157528,175014,175014,96.19,23.12,19.08,7.53,4.38,2.08,,70.68,98101
,Sub Total,2078(09),79641,96387,12.48,15.1,585541,584810,561818,558497,91.04,24.64,20.61,7.07,3.64,2.4,,54.82,413009
4,Nabil Bank Ltd.,2078(09),29267,36986,10.75,13.58,235276,223240,221332,212899,89.24,22.18,18.47,7.76,3.44,1.11,,25.89,122517
5,Nepal Investment Bank Ltd.,2078(09),27274,36123,10.92,14.47,174975,165938,178513,164870,95.17,20.78,16.82,7.47,2.69,2.06,,22.83,100892
6,Standard Chartered Bank Nepal Ltd.,2078(09),15846,17583,14.38,15.95,94619,72120,87523,84798,87.77,25.63,19.09,6.83,2.66,0.44,,20.18,50448
7,Himalayan Bank Ltd.,2078(09),18896,23292,9.41,11.6,167858,155475,159142,145899,91.53,18.86,21.84,8.94,2.28,0.72,,27.45,86258
8,Nepal SBI Bank Ltd.,2078(09),14840,18805,10.48,13.28,112867,111649,113340,107889,93.96,18.55,21.27,8.95,3.13,0.14,,26.06,61891
9,Nepal Bangladesh Bank Ltd.,2078(09),14745,18050,11.24,13.75,82225,81701,77531,76708,89.68,27.66,24.8,8.69,2.38,1.74,,32.21,35968
10,Everest Bank Ltd.,2078(09),18048,20156,10.85,12.12,165918,163213,152381,148731,88.42,30.06,25.63,7.61,2.7,0.26,,23.77,104767
11,Bank of Kathmandu Ltd.,2078(09),14816,17785,11.17,13.41,103687,102628,108219,106370,92.53,21.62,19.3,8.45,2.95,1.6,,25.78,57001
12,Nepal Credit and Commerce Bank Ltd.,2078(09),14161,18815,9.36,12.43,126091,124327,118910,116728,92.95,21.55,15.19,9.15,2.31,1.33,,27.05,54317
13,NIC Asia Bank Ltd.,2078(09),20436,32553,7.8,12.43,299338,298122,273458,273458,88.98,18.92,15.62,9.44,3.61,0.47,,23.85,169716
14,Machhapuchhre Bank Ltd.,2078(09),12786,19901,8.09,12.59,140062,135528,133529,129642,90.17,19.44,16.89,8.79,2.87,0.57,,26.8,88285
15,Kumari Bank Ltd.,2078(09),17245,22705,8.88,11.69,166614,163674,161738,155506,95.55,16.27,13.47,8.93,3.37,1.06,,21.68,82212
16,Laxmi Bank Ltd.,2078(09),13879,19893,8.51,12.2,131574,128166,129639,126213,92.08,19.01,12.04,8.74,2.88,0.83,,21.22,85760
17,Siddharth Bank Ltd.,2078(09),18355,27386,8.63,12.88,192831,190539,184618,180005,89.22,20.12,17.63,8.58,2.68,0.37,,27.59,112010
18,GlobalIME Bank Ltd.,2078(09),30958,39250,10.02,12.7,280630,277846,271026,259807,91.01,22.91,18.14,8.27,3.43,1.13,,28.51,171389
19,Citizens Bank International Ltd.,2078(09),17967,22004,11.07,13.56,143020,138773,132408,132408,91.74,20.91,15.54,9.08,3.11,1.87,,25.69,86381
20,Prime Commercial Bank Ltd.,2078(09),23847,26261,11.78,12.97,162630,162308,162343,161141,94.76,18.62,17.15,8.98,3.46,0.78,,27.7,72705
21,Sunrise Bank Ltd.,2078(09),13739,19121,9.13,12.7,131695,129831,125375,123668,89.65,21.21,18.98,8.94,2.9,1.41,,34.58,82673
22,NMB Bank Ltd.,2078(09),23336,30850,10.65,14.08,182775,178495,179232,173261,90.55,24.61,17.55,8.58,2.64,1.49,,33.35,109268
23,Prabhu Bank Ltd.,2078(09),15467,23329,8.55,12.89,167449,166896,148403,145975,84.82,23.88,19.32,8.68,3.27,1.23,,21.57,99861
24,Mega Bank Nepal Ltd.,2078(09),19887,21914,11.64,12.83,143803,143350,146985,144907,94.3,20.15,14.32,8.77,2.64,1.05,,26.2,87819
25,Civil Bank Ltd.,2078(09),10617,14868,10.79,15.12,92721,90690,87572,80665,90.86,20.09,17.25,9.74,3.05,0.94,,23.08,41835
26,Century Commercial Bank Ltd.,2078(09),11172,12409,10.75,11.94,94735,94568,88171,87061,90.83,21.06,19.25,8.82,2.57,1.3,,23.91,44400
27,Sanima Bank Ltd.,2078(09),14301,20916,9.08,13.28,145644,143241,140495,136070,86.86,20.7,16.21,8.08,2.91,0.31,,28.08,96361
,Sub Total,2078(09),431883,560955,10.04,13.04,3739035,3642318,3581882,3474679,90.84,21.33,17.79,8.59,2.91,0.99,,26.06,2104734
,Grand Total,2078(09),511524,657343,10.36,13.31,4324576,4227128,4143700,4033176,90.87,21.78,18.16,8.42,2.99,1.18,,29.87,2517743
1,Nepal Bank Ltd.,2078(12),23864,30011,12.07,15.17,187971,187462,178341,178338,90.6,20.47,18.25,8.19,3.39,2.06,,43.95,143929
2,Rastriya Banijya Bank Ltd.,2078(12),26210,32122,11.01,13.49,245814,244764,225768,225586,86.58,21.43,20.77,7.31,3.62,3.07,,36.94,174972
3,Agriculture Dev. Bank Ltd.,2078(12),30788,36169,13.49,15.85,160552,160260,178165,178165,94.46,21.89,20.32,8.28,4.33,2.32,,65.3,101278
,Sub Total,2078(12),80862,98303,12.18,14.8,594337,592486,582274,582089,90.1,21.25,19.87,7.93,3.78,2.53,,47.89,420178
4,Nabil Bank Ltd.,2078(12),29980,37456,11.03,13.78,237387,226967,228243,222609,92.22,20.72,18.31,8.58,3.73,1.14,,22.05,127559
5,Nepal Investment Bank Ltd.,2078(12),27932,36688,11.26,14.79,181261,169591,177808,171083,93.16,24.72,18.1,8.38,3.27,2.2,,21.46,101986
6,Standard Chartered Bank Nepal Ltd.,2078(12),16352,18131,14.34,15.9,109616,80175,89591,87665,82.31,33.18,21.92,7.55,2.96,0.36,,20.33,51537
7,Himalayan Bank Ltd.,2078(12),19283,23742,10.07,12.4,168065,156477,158809,154315,90.93,20.09,26.88,9.73,3.39,0.99,,24.41,86163
8,Nepal SBI Bank Ltd.,2078(12),15360,19360,10.54,13.29,114547,113014,112834,112621,93.17,18.14,16.9,8.98,4.06,0.14,,24.78,64467
9,Nepal Bangladesh Bank Ltd.,2078(12),15052,18389,11.41,13.94,83500,81629,79262,78504,93.44,24.53,21.13,9.47,2.94,2.3,,30.95,34880
10,Everest Bank Ltd.,2078(12),18550,20659,11,12.25,162394,159608,152503,151666,91.84,29.44,20.22,8.47,3.55,0.26,,22.34,104841
11,Bank of Kathmandu Ltd.,2078(12),14925,17851,11.41,13.65,104816,103350,107962,106852,95.83,20.01,15.22,8.96,3.7,1.45,,24.94,57542
12,Nepal Credit and Commerce Bank Ltd.,2078(12),14555,19268,9.52,12.6,132390,131062,122324,121192,93.8,23.65,14.42,9.28,3.33,1.52,,21.35,59408
13,NIC Asia Bank Ltd.,2078(12),21676,33293,8.54,13.11,302810,302467,274743,274743,85.95,20.07,19.1,9.39,4.4,0.51,,23.24,171636
14,Machhapuchhre Bank Ltd.,2078(12),13076,20277,8.83,13.7,143769,138834,132389,131333,89.13,21.06,13.78,9.63,4.19,0.87,,24.52,92773
15,Kumari Bank Ltd.,2078(12),18102,23541,9.36,12.18,171507,167807,161494,158545,94.88,18.23,12.38,9.85,3.97,0.96,,20.06,84143
16,Laxmi Bank Ltd.,2078(12),14383,20494,8.79,12.52,135379,131938,132351,130370,87.2,18.87,13.51,9.64,3.08,1.08,,18.96,87929
17,Siddharth Bank Ltd.,2078(12),18838,27347,8.82,12.81,192640,190998,184959,183700,90.45,19.02,15.72,9.53,3.74,1.12,,25.27,112836
18,GlobalIME Bank Ltd.,2078(12),31843,39877,10.1,12.65,279506,276590,274303,272561,93.19,20.04,15.76,9.42,3.44,1.45,,25.39,175826
19,Citizens Bank International Ltd.,2078(12),18230,22292,11.14,13.62,146617,141571,136726,136726,92.02,20.41,14.65,9.81,3.71,1.72,,28.18,89117
20,Prime Commercial Bank Ltd.,2078(12),24589,26913,12.06,13.2,158611,157487,161613,161077,99.69,15.91,13.06,9.68,4.1,0.94,,26.38,72051
21,Sunrise Bank Ltd.,2078(12),14075,19494,9.27,12.84,130430,128161,125488,125437,92.4,19.04,16.1,10.11,3.57,1.37,,31.24,83716
22,NMB Bank Ltd.,2078(12),24066,31630,10.73,14.1,186148,182439,184482,179617,87.55,24.4,18.99,9.2,3.54,1.46,,30.74,113972
23,Prabhu Bank Ltd.,2078(12),15809,23779,8.7,13.08,171270,168868,148989,147839,81.7,21.63,18.24,9.29,3.87,1.21,,22.99,101245
24,Mega Bank Nepal Ltd.,2078(12),20152,22260,11.69,12.91,149401,148675,150019,148269,94.49,20.17,12.5,10.1,3.25,0.72,,27.7,92446
25,Civil Bank Ltd.,2078(12),10996,15261,11.39,15.81,91949,90006,87977,82030,93.29,20.91,15.03,10.24,3.85,0.99,,23.52,42551
26,Century Commercial Bank Ltd.,2078(12),11295,12534,10.54,11.7,92962,91856,89653,89653,93.61,18.08,15.3,9.63,3.94,1.6,,22.58,43529
27,Sanima Bank Ltd.,2078(12),14663,21281,9.31,13.51,147871,144422,141076,138215,87.44,20.68,15.49,9.01,3.2,0.38,,27.19,98256
,Sub Total,2078(12),443782,571818,10.32,13.29,3794845,3683989,3615598,3566621,90.96,21.22,16.86,9.33,3.62,1.1,,24.54,2150410
,Grand Total,2078(12),524645,670121,10.56,13.49,4389182,4276475,4197872,4148710,90.84,21.22,17.28,9.17,3.63,1.3,,27.64,2570588
1,Nepal Bank Ltd.,2079(03),25059,31155,12.09,15.04,197155,196831,180828,180825,87.56,22.98,22.77,8.25,4.08,1.9,,35.1,162810
2,Rastriya Banijya Bank Ltd.,2079(03),29452,35359,11.63,13.97,259381,259143,229527,229527,85.89,28.59,21.78,7.63,4.29,2,,37.8,177459
3,Agricultural Development Bank Ltd.,2079(03),32207,37536,14.02,16.34,166711,166575,178394,178394,88.78,25.96,25.12,8.9,4.37,1.68,,60,107405
,Sub Total,2079(03),86719,104050,12.57,15.08,623247,622548,588750,588747,87.25,26.11,22.99,8.26,4.25,1.86,,43.88,447673
4,Nabil Bank Ltd.,2079(03),44037,54343,10.89,13.44,329571,317638,309071,303639,90.13,22.79,22.78,8.69,4.22,1.54,,24.5,168109
5,Nepal Investment Bank Ltd.,2079(03),29560,38103,12.41,15.99,186212,173368,168160,163140,85.14,32.15,23.61,8.59,4,1.47,,20.47,103449
6,Standard Chartered Bank Nepal Ltd.,2079(03),16910,18729,14.45,16,101946,81294,89616,88110,87.44,28.24,15.39,8.81,4.23,0.59,,19.23,52806
7,Himalayan Bank Ltd.,2079(03),20567,22889,10.45,11.63,171488,159518,156446,153277,88.8,23.48,25.21,9.96,4.02,0.77,,22.59,85532
8,Nepal SBI Bank Ltd.,2079(03),15965,20359,10.44,13.32,119658,118255,110694,106549,86.87,27.8,21.51,9.7,4.36,0.15,,24.59,68146
9,Everest Bank Ltd.,2079(03),19928,21960,10.84,11.95,173472,170896,154557,153687,85.77,33.67,22.79,9.67,4.06,0.24,,21.67,109659
10,Bank of Kathmandu Ltd.,2079(03),15833,17165,11.93,12.94,110962,109646,106724,105699,88.91,26.27,18.4,9.83,3.61,1.96,,23.46,59226
11,Nepal Credit and Commerce Bank Ltd.,2079(03),15172,19992,9.2,12.12,141486,138957,126927,125662,86.3,24.39,16.26,9.54,4.22,1.93,,29.36,66290
12,NIC Asia Bank Ltd.,2079(03),22863,34573,8.93,13.51,294977,294529,268236,268236,86.26,20.3,19.7,9.25,4.4,0.49,,23.66,171610
13,Machhapuchhre Bank Ltd.,2079(03),13704,20965,8.81,13.47,148698,142398,129555,128705,81.6,25.99,17.65,9.93,4.33,0.84,,25.08,92188
14,Kumari Bank Ltd.,2079(03),19297,25013,10.01,12.98,182962,178657,159444,157581,85.12,24.81,15.79,10.57,4.36,0.96,,24.88,86679
15,Laxmi Bank Ltd.,2079(03),15179,21294,9.09,12.76,139945,136912,132569,131093,86.72,21.88,13.68,9.98,3.94,0.89,,22.12,88169
16,Siddharth Bank Ltd.,2079(03),19772,28327,9.14,13.09,196484,195150,186091,184662,86.78,21.51,18.29,9.45,4.37,1.03,,25.32,114733
17,Global IME Bank Ltd.,2079(03),33595,41492,10.3,12.72,286560,283430,272212,271521,89.31,23.55,18.11,9.54,4.15,1.22,,23.78,177992
18,Citizens Bank International Ltd.,2079(03),19016,23093,10.73,13.02,155140,149383,135776,135776,85.12,25.25,18.01,10.09,4.25,1.87,,29.72,91248
19,Prime Commercial Bank Ltd.,2079(03),25729,27980,12.26,13.33,165418,163063,154920,154632,87.24,26.87,17.46,9.99,4.37,1.4,,24.31,74266
20,Sunrise Bank Ltd.,2079(03),14565,19745,9.18,12.45,134783,131696,123771,123734,86.77,25.13,18.11,10.01,4.37,1.4,,30.94,85374
21,NMB Bank Ltd.,2079(03),24900,32539,10.53,13.76,186400,182841,182090,178535,85.55,27.99,18.79,9.4,4.05,1.33,,31.78,113865
22,Prabhu Bank Ltd.,2079(03),16612,24557,8.9,13.16,182141,181484,150406,150283,78.35,26.66,22.07,9.24,4.32,1.2,,22.73,106837
23,Mega Bank Nepal Ltd.,2079(03),21187,23304,11.2,12.32,156488,154974,150043,148988,86.96,25.59,16.51,10.01,4.36,0.78,,27.59,100284
24,Civil Bank Ltd.,2079(03),11476,15661,11.76,16.05,96039,94270,87092,80979,88.15,25.68,20.55,10.69,4.29,1.08,,25.43,67694
25,Century Commercial Bank Ltd.,2079(03),11533,15016,10.4,13.54,101402,99518,91467,91467,87.73,25.06,18.89,10.67,4.03,1.59,,23.69,76686
26,Sanima Bank Ltd.,2079(03),15282,21752,9.66,13.75,158883,154998,140829,138913,82.39,27.07,21.19,9.71,3.86,0.35,,25.85,99720
,Sub Total,2079(03),462682,588847,10.45,13.29,3921116,3812876,3586694,3544869,86.34,25.38,19.37,9.71,4.18,1.09,,24.86,2260565
,Grand Total,2079(03),549400,692897,10.73,13.53,4544362,4435425,4175443,4133616,86.47,25.48,19.88,9.54,4.19,1.2,,27.44,2708238
1,Nepal Bank Ltd.,2079(06),25219,31312,12.43,15.43,197164,196816,175768,175765,84.93,20.06,23.65,9.47,3.66,2.36,,37.73,164750
2,Rastriya Banijya Bank Ltd.,2079(06),29963,35449,11.88,14.06,261748,261519,228014,228005,84.69,24.79,23.16,8.85,4.26,2.48,,36.79,177795
3,Agriculture Dev. Bank Ltd.,2079(06),32647,37708,13.88,16.03,164548,164235,177502,177502,88.64,22.98,25.36,9.83,3.89,2.38,,58.72,108608
,Sub Total,2079(06),87828,104468,12.72,15.13,623460,622570,581284,581272,85.9,22.82,23.89,9.34,4.01,2.41,,43.79,451154
4,Nabil Bank Ltd.,2079(06),45341,55608,10.69,13.11,339331,326045,314395,309558,90.4,22.13,20.58,9.72,4.03,2.33,,22.18,184824
5,Nepal Investment Bank Ltd.,2079(06),30059,38890,11.93,15.44,193578,181074,178505,173553,86.12,26.88,24.22,9.39,3.89,1.57,,22.43,105316
6,Standard Chartered Bank Nepal Lt,2079(06),0.17748,19590,14.11,15.57,109296,87096,89857,87521,83.95,37.98,13.69,9.26,3.87,0.77,,18.82,55318
7,Himalayan Bank Ltd.,2079(06),20427,25465,10.16,12.67,174079,160631,161439,158749,88.83,23.21,20.96,10.65,3.9,2.31,,22.92,87426
8,Nepal SBI Bank Ltd.,2079(06),16345,20809,10.28,13.09,127347,123354,116399,112197,83.25,25.61,23.74,10.61,4.01,0.36,,25.91,71763
9,Everest Bank Ltd.,2079(06),20760,24808,11.21,13.39,174420,170810,156301,155311,86.01,26.41,24.48,9.72,4.17,0.33,,23.54,114830
10,Bank of Kathmandu Ltd.,2079(06),16144,18537,12.21,14.02,110119,108902,105594,105407,88.91,23.72,23.06,10.87,4.24,2.46,,23.2,60445
11,Nepal Credit and Commerce Bank,2079(06),0.14692,19474,9.05,12,130971,128028,118855,117199,88.26,22.94,18.06,10.95,3.85,2.46,,26.23,63615
12,NIC Asia Bank Ltd.,2079(06),23770,34668,8.95,13.05,308176,307778,273103,273103,83.84,21.85,21.38,10.67,4.39,0.59,,23.61,182676
13,Machhapuchhre Bank Ltd.,2079(06),14015,21214,8.71,13.19,147558,141434,134313,133392,86.33,21.45,20.07,10.77,4.19,1.3,,24.96,95928
14,Kumari Bank Ltd.,2079(06),19910,28553,9.56,13.7,177466,173865,161538,159944,88.36,22.82,20.8,10.99,4.13,1.28,,26.1,85697
15,Laxmi Bank Ltd.,2079(06),15457,21623,9.13,12.77,140349,137028,131890,130203,87.1,21.14,14.46,10.65,4.09,1.72,,21.44,90319
16,Siddharth Bank Ltd.,2079(06),19985,27372,9.13,12.51,196785,195355,187273,185956,88.22,21.38,21.5,10.44,3.93,2.15,,25.52,117132
17,GlobalIME Bank Ltd.,2079(06),33752,42040,10.26,12.78,289254,286493,274733,274327,90.58,22.4,18.57,10.61,3.86,2.1,,25.83,181033
18,Citizens Bank International Ltd.,2079(06),18670,22724,10.18,12.39,156568,150870,139685,139660,87.66,21.82,18.51,11.15,3.8,2.89,,30.21,96889
19,Prime Commercial Bank Ltd.,2079(06),25587,27958,12,13.11,162220,158876,154322,152677,88.57,24.41,21.5,10.91,4.31,1.8,,24.98,75434
20,Sunrise Bank Ltd.,2079(06),14314,19635,9.18,12.6,128511,125370,123246,123103,89.48,21.9,19.87,10.94,4.13,2.94,,31.41,84652
21,NMB Bank Ltd.,2079(06),24866,30998,10.92,13.61,182201,179607,186097,182719,86.94,25.23,19.62,10.28,3.79,1.9,,31.45,115013
22,Prabhu Bank Ltd.,2079(06),17062,24957,8.66,12.67,173828,172767,154630,154564,85.1,22.85,22.41,10.51,3.98,1.68,,21.14,109192
23,Mega Bank Nepal Ltd.,2079(06),19277,21943,9.89,11.26,157443,155792,153956,152636,88.37,22.83,18.59,10.84,4.05,2.65,,27.93,97234
24,Civil Bank Ltd.,2079(06),11780,16013,11.77,16,94356,92531,86984,81208,86.73,24.33,23.14,11.4,4.32,1.41,,25.84,45153
25,Century Commercial Bank Ltd.,2079(06),11372,14930,10.04,13.18,97296,95850,87451,87445,88.4,22.46,21.46,11.12,3.72,1.88,,23.62,45781
26,Sanima Bank Ltd.,2079(06),15066,21729,9.03,13.03,153185,148780,147944,145678,86.17,22.89,21.87,10.5,3.91,0.91,,29.63,105066
,Sub Total,2079(06),466399,599540,10.26,13.19,3924340,3808337,3638511,3596112,87.42,23.53,20.63,10.51,4.03,1.74,,25.12,2270737
,Grand Total,2079(06),554228,704009,10.59,13.45,4547800,4430907,4219795,4177385,87.21,23.43,21.09,10.34,4.03,1.83,,27.71,2721890
1,Nepal Bank Ltd.,2079(09),23640,29842,11.37,14.35,213717,213226,178406,178403,82.91,25.58,24.07,10.7,4.26,3.11,,29.15,186010
2,Rastriya Banijya Bank Ltd.,2079(09),29675,35683,10.98,13.2,282114,281797,235530,235521,81.59,22.29,25.42,9.7,4.06,2.79,,36.98,180659
3,Agriculture Dev. Bank Ltd.,2079(09),30298,35340,12.71,14.83,172971,172737,179727,179727,87.5,24.1,23.93,11.06,3.74,4.52,,57.5,112756
,Sub Total,2079(09),83613,100866,11.67,14.08,668801,667760,593662,593650,83.66,23.81,23.65,10.46,4.23,3.41,,32.86,479424
4,Nabil Bank Ltd.,2079(09),43079,53165,10.05,12.4,354182,343100,324840,319586,89.36,22.77,20.91,10.34,4.48,2.98,,23.58,195222
5,Nepal Investment Mega Bank Ltd.,2079(09),46500,58050,10.64,13.28,358281,347266,331120,325674,86.81,22.22,19.71,9.85,4.11,3.71,,26.23,206484
6,Standard Chartered Bank Nepal Ltd.,2079(09),16658,18564,13.38,14.91,112462,91382,95788,94192,78.73,33.53,15.75,9.67,3.93,0.72,,25.81,58313
7,Himalayan Bank Ltd.,2079(09),19301,24434,9.58,12.12,180524,166534,162865,161232,87.11,23.51,19.19,11.03,4.15,3.77,,24.61,88569
8,Nepal SBI Bank Ltd.,2079(09),16103,20535,9.93,12.66,133887,130062,125069,119788,84.02,23.41,24.17,10.84,4.4,0.47,,31.84,76029
9,Everest Bank Ltd.,2079(09),20034,24186,10.28,12.41,181580,177576,164453,163044,86.98,38,21.59,10.16,4.38,0.55,,26.4,123766
10,NIC Asia Bank Ltd.,2079(09),24080,34804,9.12,13.18,308698,308164,266667,266667,84.11,22.47,19.88,11.02,4.39,0.61,,26.26,185026
11,Machhapuchhre Bank Ltd.,2079(09),13976,21341,8.64,13.2,153451,147545,133360,133048,85.02,23.05,21.08,11.39,4.25,1.41,,25.69,98971
12,Kumari Bank Ltd.,2079(09),32161,45957,8.91,12.73,302966,297055,282648,281074,90.7,20.09,17.82,11.73,4.42,3.15,,30.91,160181
13,Laxmi Bank Ltd.,2079(09),15864,22058,9.31,12.94,146147,142778,134281,132731,87.87,21.83,14.46,11.37,4.31,1.56,,22.53,94029
14,Siddhartha Bank Ltd.,2079(09),20263,27206,9.18,12.33,210259,208412,184757,183417,84.16,25.45,24.16,10.91,4.22,2.87,,27,122718
15,Global IME Bank Ltd.,2079(09),47123,58265,10.17,12.57,413689,408983,379882,379282,89.41,23.05,22.37,10.85,4.38,2.92,,25.65,255665
16,Citizens Bank International Ltd.,2079(09),17673,21789,9.6,11.84,161448,157002,142540,142130,87.47,22.04,19.89,11.39,4.31,2.99,,30.83,100147
17,Prime Commercial Bank Ltd.,2079(09),24243,26878,11.27,12.49,168072,164175,156850,156055,88.88,25.53,21.75,11.34,4.33,2.81,,27.13,77663
18,Sunrise Bank Ltd.,2079(09),14541,19822,9.3,12.67,134781,131530,122513,122423,87.27,24.82,21.4,11.62,4.08,3.36,,32.44,88567
19,NMB Bank Ltd.,2079(09),24006,30174,10.14,12.74,194931,192484,190313,187115,87.24,25.4,22.12,10.78,4.19,2.24,,32.9,121018
20,Prabhu Bank Ltd.,2079(09),27514,39691,8.9,12.84,276494,274155,250273,250206,85.83,21.64,24.85,11.44,4.34,1.98,,22.55,160532
21,Civil Bank Ltd.,2079(09),11725,16085,11.68,16.02,95414,93360,87572,87261,85.68,22.11,23.2,12.13,4,2.41,,26.08,46333
22,Sanima Bank Ltd.,2079(09),15670,22277,9.42,13.39,160247,156044,146883,145026,83.09,24.86,24.18,10.8,4.39,0.77,,29.08,109453
,Sub Total,2079(09),450514,585284,9.88,12.84,4047513,3937606,3682672,3649951,86.99,23.95,21.1,10.93,4.27,2.35,,28.28,2368688
,Grand Total,2079(09),534127,686149,10.13,13.01,4716314,4605366,4276334,4243601,86.53,23.93,21.47,10.86,4.28,2.49,,28.88,2848113
1,Nepal Bank Ltd.,2079(12),23740,29426,11.21,13.9,230057,229473,181761,181759,78.6,29.98,27.27,9.69,4.1,4.16,,38.14,198346
2,Rastriya Banijya Bank Ltd.,2079(12),29858,35784,11.57,13.86,304389,304001,243432,243432,79.83,26.93,25.25,8.47,4.06,3.88,,38.71,186552
3,Agriculture Dev. Bank Ltd.,2079(12),30966,35547,12.92,14.83,181664,181521,180603,180603,86.29,25.28,23.66,10.27,4.13,4.2,,62.09,118506
,Sub Total,2079(12),84565,100758,11.92,14.2,716111,714995,605796,605794,81.23,27.49,25.49,9.48,4.1,4.06,,45.68,503404
4,Nabil Bank Ltd.,2079(12),44184,54141,10.07,12.34,369566,356961,332002,327939,87.68,22.93,21.7,9.81,5.15,3.87,,25.46,207158
5,Nepal Investment Mega Bank Ltd.,2079(12),47268,59132,11.18,13.99,353625,344170,323898,319398,87.18,24.94,19.21,10.16,4.98,3.94,,24.15,209537
6,Standard Chartered Bank Nepal Lt,2079(12),0.17752,21615,13.66,16.63,112393,96177,95328,93597,80.13,36.95,21.87,9.27,4.2,0.9,,23.52,61393
7,Himalayan Bank Ltd.,2079(12),29009,39153,9.58,12.93,269446,253043,251143,251104,90.48,20.13,17.98,11.15,4.72,4.56,,25.56,137038
8,Nepal SBI Bank Ltd.,2079(12),16546,21059,9.99,12.71,140265,136600,124580,118664,82.18,29.56,24.2,10.94,4.17,0.97,,33.32,79026
9,Everest Bank Ltd.,2079(12),20546,24736,10.15,12.22,186879,182686,167403,166587,86.78,29.58,25.29,9.87,4.2,0.7,,20.58,127262
10,NIC Asia Bank Ltd.,2079(12),23941,34200,8.85,12.64,316545,315617,277700,277700,85.01,20.51,19.18,10.48,4.19,0.85,,28.29,189732
11,Machhapuchhre Bank Ltd.,2079(12),13999,21145,8.7,13.13,154229,148757,131067,130971,81.86,26.05,23.35,11.17,4.18,2.37,,25.08,100917
12,Kumari Bank Ltd.,2079(12),32016,45582,9.01,12.82,312352,306946,286983,285416,90.11,20.9,18.67,10.93,5.19,3.97,,31.29,160617
13,Laxmi Bank Ltd.,2079(12),15849,22468,9.27,13.14,150415,146822,136161,134529,85.38,21.1,16.02,11.08,4.19,1.82,,23.86,96925
14,Siddharth Bank Ltd.,2079(12),20123,27025,8.95,12.02,216964,213759,189542,188086,83,27.84,25.24,10.45,4.19,3.95,,27.38,128226
15,GlobalIME Bank Ltd.,2079(12),47646,58528,10.34,12.7,419571,414024,379543,378949,87.17,25.79,21.97,10.6,5.2,3.96,,27.1,264384
16,Citizens Bank International Ltd.,2079(12),17969,22050,9.67,11.87,162258,157940,143118,143012,87.06,21.79,18.66,11.14,4.2,3.98,,30.22,102536
17,Prime Commercial Bank Ltd.,2079(12),24706,27307,11.27,12.46,169143,165612,158801,158801,89.13,25.1,20.6,11.01,4.19,3.06,,27.6,80765
18,Sunrise Bank Ltd.,2079(12),14800,20153,9.59,13.06,134563,130944,123009,123005,87.33,24.06,21.66,11.34,4.15,3.62,,33.09,89792
19,NMB Bank Ltd.,2079(12),24169,30313,10.12,12.7,200065,197379,192663,189529,87.07,27.13,21.31,10.51,4.19,2.96,,31.99,126231
20,Prabhu Bank Ltd.,2079(12),27104,36607,8.61,11.63,282118,279860,246046,245987,87.72,22.2,19.03,11.07,5.16,3.48,,21.69,163663
21,Sanima Bank Ltd.,2079(12),15798,22503,9.44,13.45,165301,160531,147047,145133,82.45,26.33,25.55,10.63,4.2,2.26,,28.17,113569
,Sub Total,2079(12),453424,587716,9.89,12.81,4115696,4007829,3706035,3678407,86.52,24.46,20.92,10.65,4.48,3.1,,26.93,2438770
,Grand Total,2079(12),537989,688473,10.16,13,4831807,4722824,4311832,4284200,85.75,24.91,21.61,10.48,4.43,3.23,,29.51,2942174
1,Nepal Bank Limited,2080(03),24959,31298,11.56,14.49,245789,245285,186381,186378,75.23,33.49,30.92,9.92,3.95,2.85,,40.42,210670
2,Rastriya Banijya Bank,2080(03),30065,36143,11.35,13.65,322982,321862,248358,248358,75.57,32.05,28.75,7.79,3.98,2.94,,39.02,210584
3,Agriculture Development Bank,2080(03),30689,35250,12.78,14.68,199662,199483,182815,182815,83.17,30.1,27.39,10.06,3.94,2.48,,64.11,130264
,Sub Total,2080(03),85713,102691,11.89,14.24,768434,766631,617554,617551,77.56,32,29.11,9.09,4.02,2.78,,47.03,551518
4,Nabil Bank Limited,2080(03),47073,56946,10.46,12.65,402657,391344,341455,337705,87.12,27.86,22.52,9.45,4.99,3.2,,25.29,221550
5,Nepal Investment Mega Bank Limited,2080(03),48822,59465,11.58,14.1,358798,348859,320596,315900,85.99,29.43,21.17,9.36,4.99,4.35,,24.96,216032
6,Standard Chartered Bank Nepal Limited,2080(03),18606,22413,14.22,17.12,122493,103733,95070,93419,75.78,37.05,27.95,9.02,4,1.17,,23.82,64898
7,Himalayan Bank Limited,2080(03),29421,39074,9.96,13.22,278527,262098,242756,242714,86.4,27.38,19.55,10.92,4.93,4.56,,24.98,137200
8,Nepal SBI Bank Limited,2080(03),16944,21007,10.31,12.78,150724,144926,122725,120479,79.37,33.51,29.44,10.59,3.99,2.43,,31.24,79729
9,Everest Bank Limited,2080(03),22200,26401,11.2,13.32,199148,195956,168124,167295,82.31,33.23,26.27,9.47,3.97,0.79,,21.99,133276
10,NIC ASIA Bank Limited,2080(03),25058,35248,9.52,13.39,314310,313488,271594,271594,84.24,22.23,19.83,9.98,3.99,0.8,,28.77,194954
11,Machhapuchhre Bank Limited,2080(03),14386,21434,9.1,13.57,158285,153327,128768,128599,80.61,29.43,23.78,10.64,3.95,2.12,,24.95,105550
12,Kumari Bank Limited,2080(03),31596,45279,8.83,12.65,326283,322140,289388,287934,88.68,24.29,20.01,10.9,4.98,4.77,,30.63,157536
13,Laxmi Sunrise Bank Limited,2080(03),31865,41890,10.22,13.43,300310,293237,255858,254268,82.85,27.89,21.87,10.78,4.52,2.81,,28.13,195060
14,Siddhartha Bank Limited,2080(03),21919,29107,9.44,12.53,228568,223432,190875,189656,79.14,30.94,30.35,9.92,4,2.01,,29.32,135704
15,Global IME Bank Limited,2080(03),50332,61499,10.94,13.37,439349,435134,374356,373325,83.47,30.34,25.24,10.08,4.96,3.08,,26.32,282473
16,Citizens Bank International Limited,2080(03),19059,23155,10.14,12.32,171957,167981,143574,143574,84.73,26.27,22.02,10.51,4,3.19,,30.18,107233
17,Prime Commercial Bank Limited,2080(03),24570,26785,11.26,12.28,178570,174708,163070,162980,88.72,29.08,21.94,10.57,3.98,4.23,,27.52,84936
18,NMB Bank Limited,2080(03),25064,31279,10.26,12.8,213042,210420,197466,193577,83.45,29.85,25.31,10.24,3.99,2.72,,32.38,133626
19,Prabhu Bank Limited,2080(03),27469,39960,8.91,12.95,295944,293305,242104,242040,83.8,27.14,23.81,10.16,4.86,4.16,,20.89,171048
20,Sanima Bank Limited,2080(03),16888,23668,10.08,14.13,178846,174362,150049,148160,79.03,30.01,28.24,10.15,4,1.3,,28.87,119443
,Sub Total,2080(03),471273,604609,10.31,13.23,4317810,4208448,3697826,3673217,83.96,28.59,23.48,10.14,4.5,3.01,,26.9,2540249
,Grand Total,2080(03),556986,707300,10.53,13.37,5086244,4975078,4315381,4290768,83,29.1,24.35,9.98,4.45,2.98,,29.7,3091766
1,Nepal Bank Limited,2080(06),24483,30590,11.01,13.76,252324,251277,188683,188680,75.1,34.34,29.12,9.19,3.9,3.84,,38.96,217785
2,Rastriya Banijya Bank,2080(06),30418,35674,10.96,12.85,326859,325707,252211,252211,76.76,29.58,27.09,8.32,3.99,3.61,,37.73,211436
3,Agriculture Development Bank,2080(06),29242,34191,11.59,13.55,209393,209181,188823,188823,81.32,30.73,26.98,10.38,3.82,5.33,,65.02,134397
,Sub Total,2080(06),84143,100455,11.19,13.36,788577,786166,629717,629714,77.54,31.41,27.71,9.19,3.96,4.2,,46.23,563618
4,Nabil Bank Limited,2080(06),47256,56917,9.85,11.86,419473,407589,362195,357970,86.53,24.67,21.91,9.57,3.99,3.69,,25.78,236547
5,Nepal Investment Mega Bank Limited,2080(06),48852,58038,11.4,13.54,365180,355069,321409,316184,85.46,29.86,21.46,9.95,4.61,4.83,,25.36,224142
6,Standard Chartered Bank Nepal Limite,2080(06),19238,23042,14.32,17.15,124052,102663,93209,92101,72.15,43.98,30.64,8.42,3.93,1.1,,20.7,66795
7,Himalayan Bank Limited,2080(06),28706,37747,9.43,12.41,283431,265763,246022,245989,84.3,27.35,20.41,10.85,4.85,4.67,,25.69,141803
8,Nepal SBI Bank Limited,2080(06),16640,22014,10.06,13.31,160585,154538,124961,122374,76.32,37.01,32.04,10.09,3.99,2.35,,30.37,80432
9,Everest Bank Limited,2080(06),22825,27204,11.01,13.13,214967,212907,174222,172309,82.94,31.44,27.13,9.7,4,0.9,,22.34,137918
10,NIC ASIA Bank Limited,2080(06),24349,34176,8.73,12.25,364317,363436,303404,303404,80.47,23.6,24.85,10.56,3.99,1.37,,28.58,218583
11,Machhapuchhre Bank Limited,2080(06),14330,21467,8.79,13.17,152042,147538,132392,132020,83.58,23.88,23.06,9.81,3.99,2.56,,26.49,104577
12,Kumari Bank Limited,2080(06),30353,44669,8.21,12.08,333198,327480,295352,293931,86.05,25.46,20.8,10.91,4.3,4.89,,32,170082
13,Laxmi Sunrise Bank Limited,2080(06),31245,40871,9.83,12.85,295686,288573,257118,255203,83.12,25.69,21.48,10.8,4.41,4.69,,26.88,197033
14,Siddhartha Bank Limited,2080(06),21455,28301,9.15,12.07,219393,216213,194368,193055,81.1,26.75,29.93,9.53,3.96,3.44,,29.42,135889
15,Global IME Bank Limited,2080(06),50631,61878,10.86,13.27,456240,451607,375914,372933,81.17,33.05,27.73,10.02,4.34,4.38,,26.64,294107
16,Citizens Bank International Limited,2080(06),17823,25409,9.18,13.09,174238,169990,145989,145989,82.9,26.05,23.72,10.6,3.87,3.97,,30.31,109255
17,Prime Commercial Bank Limited,2080(06),25225,27933,11.09,12.28,200165,195409,176106,175984,83.21,29.88,28.19,10.64,3.9,3.67,,28.6,95128
18,NMB Bank Limited,2080(06),24929,32169,9.96,12.85,204019,201120,200343,196958,86.39,24.57,22.76,9.57,3.99,2.84,,32.65,130526
19,Prabhu Bank Limited,2080(06),27721,39101,8.92,12.58,281494,278746,240001,239510,84.87,24,21.72,10.14,4.95,3.97,,20.47,171065
20,Sanima Bank Limited,2080(06),17601,24029,10.09,13.77,186645,181822,154501,152579,76.95,30.23,27.74,9.75,4,1.79,,29.21,122088
,Sub Total,2080(06),469179,604965,9.97,12.85,4435124,4320461,3797507,3768491,82.86,28.04,24.41,10.13,4.24,3.51,,27.11,2635969
,Grand Total,2080(06),553322,705420,10.13,12.92,5223701,5106627,4427224,4398205,82.07,28.55,24.91,9.98,4.21,3.61,,29.79,3199587
1,Nepal Bank Limited,2080(09),23740,29875,10.43,13.13,258893,257911,190282,190279,73.19,34.83,32.16,8.55,3.85,4.5,1.71,40.03,207304
2,Rastriya Banijya Bank,2080(09),28597,33852,10.37,12.27,338445,337007,256705,256695,75.36,28.11,28.79,7.9,3.97,3.95,1.25,38.5,222985
3,Agriculture Development Bank,2080(09),29857,34737,11.45,13.32,229590,229071,192133,192133,78.65,36.95,33.76,9.82,3.97,3.02,0.67,66.02,139885
,Sub Total,2080(09),82194,98464,10.75,12.88,826928,823989,639119,639107,75.65,32.67,31.21,8.67,3.98,3.83,1.21,47.11,570174
4,Nabil Bank Limited,2080(09),43569,56351,8.93,11.54,433793,421496,375013,369601,84.95,24.88,23.13,8.88,4,3.8,1.2,26.28,244527
5,Nepal Investment Mega Bank Limited,2080(09),46136,55091,10.64,12.7,392247,377349,330584,325135,81.74,29.56,24.01,9.19,3.97,4.75,1.2,26.56,229487
6,Standard Chartered Bank Nepal Limite,2080(09),17519,21230,13.26,16.07,120590,97531,91830,90126,73.08,39.04,29.11,7.56,4,1.6,0.69,21.55,66358
7,Himalayan Bank Limited,2080(09),25999,34977,8.7,11.7,301145,282487,249952,249910,79.76,30.37,20.78,10.31,4.62,4.95,0.97,27.11,151358
8,Nepal SBI Bank Limited,2080(09),16270,21679,9.61,12.81,167456,161270,128153,126138,71.57,37.91,37.25,9.26,3.99,2.29,0.14,32.53,84100
9,Everest Bank Limited,2080(09),22334,26413,10.61,12.55,214840,213160,176790,175062,78.99,35.99,29.3,8.69,4,0.77,0.21,23.16,139049
10,NIC ASIA Bank Limited,2080(09),25179,34482,8.04,11.02,381397,380524,302656,302656,76.86,27.28,26.6,9.68,3.99,1.19,0.45,28.56,218752
11,Machhapuchhre Bank Limited,2080(09),14118,21279,8.66,13.06,156967,154642,132823,132084,80.6,26.37,22.49,9.55,3.99,2.62,1.03,28.02,109998
12,Kumari Bank Limited,2080(09),28670,43114,8.03,12.08,333609,328432,294152,291907,85.24,26.81,20.98,10.28,3.98,4.97,0.67,32.77,178317
13,Laxmi Sunrise Bank Limited,2080(09),30992,40645,9.66,12.67,314765,307322,256243,252773,79.77,28.59,24.43,10.01,4.4,4.67,1.84,26.85,204490
14,Siddhartha Bank Limited,2080(09),21793,27812,9.15,11.68,224232,221824,198723,196847,81.25,25.67,27.4,9.28,3.99,2.56,1.04,29.24,140312
15,Global IME Bank Limited,2080(09),46556,58427,9.85,12.37,468956,463679,385930,382089,80.04,31.41,27.39,9.4,3.99,4.68,1.88,27.51,305046
16,Citizens Bank International Limited,2080(09),17976,25810,9.06,13,177683,172476,152164,152164,83.76,24.75,24.99,9.81,4,4.07,1.91,31.6,111899
17,Prime Commercial Bank Limited,2080(09),24621,27851,10.59,11.98,209073,204597,183008,181621,83.92,30.36,26.94,10.38,3.99,4.07,0.98,29.17,108812
18,NMB Bank Limited,2080(09),23326,32096,9.25,12.73,234594,231150,202522,198453,76.02,32.18,28.69,9.73,3.99,2.86,0.92,32.66,137271
19,Prabhu Bank Limited,2080(09),24909,36232,8.12,11.82,286880,282762,239150,237935,84.34,26.33,21.88,9.42,3.98,4.9,1.8,19.81,173709
20,Sanima Bank Limited,2080(09),17458,23908,9.96,13.64,184533,179784,157028,155224,78.16,27.73,26.55,9.29,4,1.72,0.75,29.16,121110
,Sub Total,2080(09),447426,587398,9.4,12.34,4602761,4480486,3856722,3819726,80.52,29.17,25.46,9.51,4.06,3.6,1.11,27.78,2724592
,Grand Total,2080(09),529619,685862,9.58,12.41,5429689,5304476,4495841,4458832,79.8,29.7,26.32,9.39,4.06,3.63,1.13,30.5,3294766
1,Nepal Bank Ltd.,2080(12),23270,29364,10.38,13.09,262255,261142,197395,197392,72.58,33.83,31,7.99,3.95,4.85,1.42,36.9,215689
2,Rastriya Banijya Bank Ltd.,2080(12),28670,33917,10.43,12.33,369521,368048,260484,260474,68.84,28.37,32.41,7.31,3.82,4.3,1.46,40.96,249197
3,Agricultural Development Bank Ltd.,2080(12),30195,34634,11.36,13.03,228202,227955,197862,197862,76.88,34.02,29.52,8.68,3.92,3.17,0.76,67.1,143047
,Sub Total,2080(12),82136,97915,10.74,12.8,859978,857145,655741,655728,72.28,31.53,31.19,7.91,3.93,4.12,1.24,47.4,607932
4,Nabil Bank Ltd.,2080(12),44562,58795,9.1,12.01,446428,433099,381128,374170,83.97,24.9,24.15,8.13,4,4.04,1.27,25.47,259260
5,Nepal Investment Mega Bank Ltd.,2080(12),45006,57698,10.35,13.27,406409,391909,332837,325926,77.68,33.12,27.25,8.32,4,4.66,1.12,27,240695
6,Standard Chartered Bank Nepal Ltd.,2080(12),18480,22185,13.96,16.76,112552,91485,88435,86179,78.11,42.53,23.75,6.53,4,2.14,0.94,17.25,63532
7,Himalayan Bank Ltd.,2080(12),26389,35343,8.86,11.86,304380,281828,246495,246444,79.14,32.32,22.22,9.52,3.98,4.96,0.69,26.67,153647
8,Nepal SBI Bank Ltd.,2080(12),16737,22130,10,13.22,174478,168311,129022,126567,71.57,39.75,37.53,8.78,3.99,1.98,0.22,32.29,87256
9,Everest Bank Ltd.,2080(12),23039,27244,10.46,12.37,215559,211532,186815,184859,83.42,32.24,27.7,7.53,4,0.7,0.2,23.58,140949
10,NIC ASIA Bank Ltd.,2080(12),24973,34155,8.25,11.29,331754,331486,289296,289296,86.11,20.44,23.43,8.86,3.99,3.08,1.76,22.75,178049
11,Machhapuchhre Bank Ltd.,2080(12),13967,21072,8.8,13.28,152857,150847,130540,130122,83.26,25.18,22.93,8.68,3.98,3.68,1.66,26.99,111185
12,Kumari Bank Ltd.,2080(12),28402,41466,8.03,11.72,333654,328012,295417,293543,85.36,27.41,21.81,9.63,3.97,4.95,0.38,33.26,177651
13,Laxmi Sunrise Bank Ltd.,2080(12),30852,40564,9.48,12.47,315860,308069,257747,254860,78.03,30.86,25.2,9.12,4.41,5.49,2.24,27.49,215396
14,Siddhartha Bank Ltd.,2080(12),22326,28379,9.23,11.73,229953,227862,201073,199300,81.68,26.59,25.66,8.47,3.99,2.52,0.95,29.18,142860
15,Global IME Bank Ltd.,2080(12),46744,56538,9.93,12.01,472868,467654,388792,385491,79.38,32.71,25.02,8.67,3.98,4.74,1.7,27.68,316871
16,Citizens Bank International Ltd.,2080(12),18405,26226,9.15,13.04,184246,179870,156028,156023,84.21,25.61,23.6,8.99,4,3.76,1.69,32.28,122258
17,Prime Commercial Bank Ltd.,2080(12),25007,27686,10.54,11.67,205030,201442,189848,188369,85.1,25.93,25.91,9.27,3.99,4.29,1.02,29.98,108613
18,NMB Bank Ltd.,2080(12),24212,32104,9.68,12.83,226371,222924,201113,197357,79.72,30.09,25.6,8.95,3.99,2.86,0.93,32.43,136017
19,Prabhu Bank Ltd.,2080(12),27223,38582,8.85,12.54,283044,279960,239166,238599,83.09,26.78,24.13,8.48,3.96,4.81,0.63,20.47,174149
20,Sanima Bank Ltd.,2080(12),17703,24196,9.89,13.51,188535,184149,166505,164246,79.33,24.44,25.48,8.31,4,1.89,0.69,32.56,122569
,Sub Total,2080(12),454027,594362,9.52,12.46,4583979,4460437,3880256,3841350,81.26,29.06,25.12,8.68,4.02,3.85,1.12,27.41,2750956
,Grand Total,2080(12),536162,692278,9.69,12.51,5443957,5317582,4535997,4497078,79.85,29.45,26.1,8.56,4.02,3.89,1.14,30.23,3358888
1,Nepal Bank Limited,2081(03),25475,31670,10.95,13.62,283560,282271,207968,207965,72.44,36.66,33.15,7.97,3.95,3.28,0.57,38.02,226201
2,Rastriya Banijya Bank,2081(03),29295,34181,10.21,11.91,430713,429127,261794,261767,60.39,31.3,42.44,6.71,3.98,3.65,1.1,33.25,276292
3,Agriculture Development Bank,2081(03),32174,36702,11.78,13.44,243760,243592,206678,206678,78.46,35.37,30.49,8.09,3.95,3.44,1.32,63.01,150062
,Sub Total,2081(03),86943,102553,10.97,12.94,958033,954990,676440,676410,68.77,33.92,36.62,7.46,3.96,3.47,1,43.62,652555
4,Nabil Bank Limited,2081(03),47453,61088,9.64,12.41,468760,454354,388362,380201,83.6,27.7,25.01,7.42,3.99,3.85,1.07,27.04,275366
5,Nepal Investment Mega Bank Limited,2081(03),46890,59179,10.84,13.67,406808,393454,328860,320057,80.46,32.64,29.67,7.69,4,4.95,1.2,27.42,244793
6,Standard Chartered Bank Nepal Limited,2081(03),19444,23226,14.36,17.16,114826,96220,89737,85072,76.84,42.48,28.33,6.6,4,2.14,0.91,18.32,63488
7,Himalayan Bank Limited,2081(03),26983,35943,9.04,12.04,297725,279201,247109,241370,83.78,29.68,22.26,8.91,3.99,4.91,0.97,26.6,154872
8,Nepal SBI Bank Limited,2081(03),17266,22704,10.1,13.28,175418,168022,132968,130021,73.56,37.25,36.85,8.12,3.99,2,0.26,33.35,89212
9,Everest Bank Limited,2081(03),24016,27850,10.87,12.61,233388,230980,186507,183624,80.27,38.76,28.12,7.29,3.98,0.71,0.26,27.86,148474
10,NIC ASIA Bank Limited,2081(03),24523,32469,8.44,11.18,360538,360345,285333,285333,79.14,28.07,26.4,9.19,3.99,3.41,1.74,23.57,193359
11,Machhapuchhre Bank Limited,2081(03),14819,21925,9.35,13.83,161334,159419,131124,128813,83.21,29.3,25.22,8.13,3.98,3.63,1.5,28.91,116130
12,Kumari Bank Limited,2081(03),30181,43224,8.56,12.26,350756,343545,293415,291388,82.93,30.47,25.54,8.89,3.95,4.95,0.44,33.69,188152
13,Laxmi Sunrise Bank Limited,2081(03),32886,41975,10.27,13.11,333400,325802,258500,255738,77.74,34.08,27.4,8.52,4,4.72,1.87,27.44,220631
14,Siddhartha Bank Limited,2081(03),23614,29729,9.65,12.15,244907,242004,203560,201674,80.2,29.7,25.34,8.1,3.99,2.22,0.75,29.01,151480
15,Global IME Bank Limited,2081(03),49009,58786,10.44,12.53,504890,499832,390767,386122,75.86,37.11,31.15,7.75,3.99,4.37,1.5,26.58,334527
16,Citizens Bank International Limited,2081(03),18865,26704,9.27,13.13,191675,187116,157587,157587,84.07,28.06,24.15,8.28,3.99,4.07,1.52,31.66,131307
17,Prime Commercial Bank Limited,2081(03),26071,28807,10.77,11.9,215599,212693,193927,191796,86.2,27.5,26.61,8.49,3.98,4.67,1.38,30.27,112374
18,NMB Bank Limited,2081(03),24707,32659,9.7,12.82,227106,223761,204608,200925,83.89,29.01,23.2,8.11,3.99,3.27,0.78,27.97,140018
19,Prabhu Bank Limited,2081(03),29184,39985,9.89,13.55,312229,309664,234490,233897,79.79,34.39,28.69,8.02,3.97,4.78,0.67,22.57,183050
20,Sanima Bank Limited,2081(03),18633,24902,10.22,13.66,199379,195530,165782,163875,80.53,29.21,26.47,7.82,4,1.73,0.51,29.92,128056
,Sub Total,2081(03),474544,611157,9.96,12.83,4798738,4681941,3892637,3837494,80.63,31.87,27.15,8.12,3.99,3.81,1.07,27.69,2875289
,Grand Total,2081(03),561487,713709,10.1,12.84,5756771,5636931,4569076,4513904,78.65,32.21,28.73,8.01,3.98,3.76,1.06,29.95,3527845
1,Nepal Bank Limited,2081(06),25196,32636,10.4,13.47,287143,285018,214556,214553,75.31,34.47,31.26,6.72,3.94,3.95,1.2,31.3,240261
2,Rastriya Banijya Bank,2081(06),29129,34850,10.51,12.57,417590,415909,268647,268637,64.12,32.59,36.1,6.05,3.99,4.23,1.51,38.06,289996
3,Agriculture Development Bank,2081(06),31699,36396,12.08,13.87,260649,259534,206242,206242,74.02,35.47,32.05,7.07,3.97,4.78,2.04,60.68,152578
,Sub Total,2081(06),86024,103883,11,13.28,965382,960462,689445,689432,70.19,33.93,33.58,6.54,3.97,4.31,1.57,42.85,682835
4,Nabil Bank Limited,2081(06),49408,63932,9.77,12.64,487569,470816,395890,387761,81.71,27.96,26.39,6.75,3.98,4.24,1.42,28.92,288901
5,Nepal Investment Mega Bank Limited,2081(06),47724,61385,10.4,13.37,436932,405908,346567,335720,79.46,33.28,27.36,7.08,3.99,5.82,1.95,31,254813
6,Standard Chartered Bank Nepal Limite,2081(06),20188,23606,14.96,17.5,115612,101680,91124,87984,76.48,42.83,32.2,5.71,4,1.95,0.72,20.87,67958
7,Himalayan Bank Limited,2081(06),27102,36005,9.19,12.21,331282,308457,241762,236701,73.87,35.94,31.09,8.06,3.95,4.98,0.73,26.96,158995
8,Nepal SBI Bank Limited,2081(06),18218,23788,9.97,13.01,181177,170208,133378,130830,73.51,37.13,35.35,7.53,3.76,1.84,0.28,34.58,91399
9,Everest Bank Limited,2081(06),24281,28637,10.24,12.07,239241,235659,196275,193809,81.37,28.82,25.8,6.58,4,0.77,0.33,31.23,153671
10,NIC ASIA Bank Limited,2081(06),24841,33038,8.81,11.72,342710,342457,271216,271216,79.62,28.18,27.64,8.37,4,4.24,2.08,28.75,202807
11,Machhapuchhre Bank Limited,2081(06),15526,22231,9.38,13.43,169683,167324,137477,134775,82.17,29.49,26.01,7.58,3.99,3.15,1.15,33.74,123962
12,Kumari Bank Limited,2081(06),31127,45342,8.52,12.41,361244,353934,305316,301585,82.88,29.1,31.37,7.48,3.86,4.96,0.82,36.52,189653
13,Laxmi Sunrise Bank Limited,2081(06),33097,42866,9.82,12.71,339198,331431,267284,264216,77.05,32.78,28.72,7.79,4,5.44,2.23,30.26,229539
14,Siddhartha Bank Limited,2081(06),22932,28373,9.21,11.4,246258,244561,209361,206443,81.53,27.91,24.6,7.57,3.99,3.91,1.99,32.16,160893
15,Global IME Bank Limited,2081(06),50688,63178,10,12.46,529615,523259,418628,414644,76.82,34.67,30.15,7.23,3.96,4.67,1.74,30.78,351174
16,Citizens Bank International Limited,2081(06),19069,27228,9.14,13.06,194921,190909,161469,161382,83.65,27.51,23.01,7.92,3.96,5.41,2.39,34.29,137846
17,Prime Commercial Bank Limited,2081(06),27835,31085,11.17,12.47,225156,222157,201791,199155,85.38,26.8,26.03,7.92,3.98,4.86,1.61,31.8,121452
18,NMB Bank Limited,2081(06),25998,34976,9.58,12.9,249100,244028,216424,212009,81.7,29.47,25.69,7.43,3.98,3.63,1.37,31.51,145066
19,Prabhu Bank Limited,2081(06),29253,42044,9.65,13.87,309078,306625,230543,229625,76.01,34.56,31.78,7.65,3.95,4.94,1.4,23.97,188110
20,Sanima Bank Limited,2081(06),18062,24385,9.76,13.18,201533,196537,168052,166264,80.13,28.97,25.56,7.24,4,2.94,1.38,30.85,134860
,Sub Total,2081(06),485348,632097,9.83,12.8,4960310,4815951,3992556,3934117,79.5,31.34,28.21,7.44,3.96,4.28,1.47,30.53,3001098
,Grand Total,2081(06),571372,735980,9.99,12.87,5925692,5776413,4682001,4623549,77.98,31.76,29.1,7.29,3.97,4.28,1.48,32.31,3683933
1,Nepal Bank Limited,2081(09),24874,31965,10.08,12.95,307836,305643,222918,222915,72.96,36.34,32.3,6.16,3.91,4.99,1.79,32.3,259316
2,Rastriya Banijya Bank,2081(09),27315,32376,9.33,11.06,449979,446803,284369,284336,61.99,40.12,38.99,5.44,3.96,4.96,1.92,36.72,302969
3,Agriculture Development Bank,2081(09),30789,35170,11.47,13.1,251662,250568,207759,207759,75.96,31.63,30.45,6.6,3.89,4.9,1.7,58.09,154637
,Sub Total,2081(09),82977,99511,10.27,12.32,1009477,1003013,715046,715010,68.96,36.85,34.81,5.97,3.93,4.95,1.82,41.89,716922
4,Nabil Bank Limited,2081(09),46748,60973,9.04,11.78,489122,472466,410241,399204,82.8,25.94,24.85,6.17,3.74,4.93,1.7,30.28,297362
5,Nepal Investment Mega Bank Limited,2081(09),47049,60619,10.05,12.95,445146,421142,355417,338393,77.98,33.75,29.67,6.43,3.96,5.86,1.62,32.66,259063
6,Standard Chartered Bank Nepal Limited,2081(09),19315,22396,14.61,16.94,124882,105918,88411,85059,67.61,47.36,39.19,5.13,4,1.71,0.58,23.31,69901
7,Himalayan Bank Limited,2081(09),25823,34724,8.63,11.6,304545,279678,247363,238185,78.25,27.02,24.79,7.02,3.98,4.98,1.06,28.52,156012
8,Nepal SBI Bank Limited,2081(09),17707,23425,9.73,12.87,189175,175063,139500,134908,72.04,36.57,36.59,6.96,3.77,3.55,1.75,34.65,93404
9,Everest Bank Limited,2081(09),25121,29911,9.5,11.32,252590,248708,217318,208303,82.91,29.26,24.45,5.66,3.99,0.66,0.22,33.18,155406
10,NIC ASIA Bank Limited,2081(09),24617,32390,8.86,11.65,313911,313519,261110,261110,83.57,25.67,25.36,7.52,4,4.61,1.47,29.12,189828
11,Machhapuchhre Bank Limited,2081(09),15566,22437,9.2,13.26,167219,164770,139501,136223,82.75,27.34,25.79,6.88,3.99,4.54,1.97,33.91,124568
12,Kumari Bank Limited,2081(09),26570,43060,7.23,11.72,366641,356293,305292,302058,83.13,30.61,28.26,7.14,3.51,6.96,1.9,41.93,198050
13,Laxmi Sunrise Bank Limited,2081(09),33484,42431,9.61,12.18,345198,337730,276958,270705,79.25,30.11,28.01,7.17,3.92,5.67,2.11,30.49,235005
14,Siddhartha Bank Limited,2081(09),22774,28166,9.05,11.19,247123,245626,216342,213327,83.68,25.69,24.92,6.93,3.99,4.5,2.11,32.95,162310
15,Global IME Bank Limited,2081(09),52396,64925,10.16,12.59,534074,528422,430502,421711,78.53,33.46,28.48,6.75,3.98,4.86,1.8,31.67,353938
16,Citizens Bank International Limited,2081(09),19342,27577,9.03,12.87,197625,194062,166731,165617,83.79,24.9,23.86,7.3,3.97,4.85,1.68,34.86,138547
17,Prime Commercial Bank Limited,2081(09),27010,30670,10.28,11.67,235747,232053,211703,208254,86.09,26.43,25.75,7.12,3.94,4.96,1.36,32.12,126612
18,NMB Bank Limited,2081(09),26891,35863,9.46,12.62,249413,242175,229479,221978,86.76,24.68,19.95,6.73,3.97,3.96,1.78,32.58,144882
19,Prabhu Bank Limited,2081(09),25914,38273,8.7,12.84,309725,307757,231202,229618,74.95,33.51,32.55,7.06,3.98,5.06,0.62,29.4,189729
20,Sanima Bank Limited,2081(09),18381,24946,9.58,13.01,209423,204109,174516,171777,79.68,28.27,26.43,6.79,4,3.22,1.51,33.05,138341
,Sub Total,2081(09),474707,622785,9.41,12.35,4981560,4829491,4101587,4006431,80.5,29.76,27.25,6.79,3.91,4.69,1.54,32.17,3032957
,Grand Total,2081(09),557685,722296,9.53,12.34,5991037,5832504,4816633,4721441,78.55,30.95,28.56,6.65,3.91,4.73,1.58,33.61,3749880
1,Nepal Bank Limited,2081(12),24809,31884,10.09,12.97,315574,313388,229508,229506,72.87,36.05,31.77,5.96,3.86,5.45,1.75,31.04,264072
2,Rastriya Banijya Bank,2081(12),28080,33496,9.23,11.01,463456,460228,297081,297072,64.13,38.47,34.79,5.02,3.94,4.69,1.41,37.9,322124
3,Agriculture Development Bank,2081(12),31423,35364,11.65,13.12,254952,254234,211102,211102,76.23,33.43,32.38,6.09,3.93,4.98,1.66,56.91,161960
,Sub Total,2081(12),84312,100744,10.28,12.29,1033981,1027851,737691,737680,69.94,36.49,33.26,5.59,3.94,5.01,1.59,41.45,748157
4,Nabil Bank Limited,2081(12),48443,62276,9.12,11.72,510677,492556,421525,409334,82.31,26.38,24.58,5.94,3.57,4.96,1.59,30.62,315523
5,Nepal Investment Mega Bank Limited,2081(12),49364,62640,10.51,13.33,459927,436707,357244,345592,76.63,36.53,29.06,5.99,3.45,6.06,1.53,31.3,270878
6,Standard Chartered Bank Nepal Limited,2081(12),19879,22893,15.15,17.44,124748,106870,90997,87808,70.11,44.3,33.36,5.09,4,1.44,0.25,30.79,73957
7,Himalayan Bank Limited,2081(12),24506,33217,8,10.84,304480,276628,252587,240339,82.44,27.92,20.26,6.77,3.55,7.68,1.79,30.22,157696
8,Nepal SBI Bank Limited,2081(12),17708,23250,9.47,12.44,185749,172650,142025,137448,74.66,34.33,30.41,6.61,3.77,4.06,1.88,35.23,96546
9,Everest Bank Limited,2081(12),26515,34250,9.81,12.67,267817,264143,225847,218780,84.07,27.81,24.36,5.61,3.67,0.64,0.24,33.9,152832
10,NIC ASIA Bank Limited,2081(12),24059,35684,9.05,13.42,297745,297310,248515,248515,84.32,27.03,25.66,7.2,4,5.75,1.92,29.55,186352
11,Machhapuchhre Bank Limited,2081(12),15638,22526,8.8,12.68,171331,168796,146187,138910,84.75,23.82,25.08,6.38,3.87,4.59,1.76,34.45,125520
12,Kumari Bank Limited,2081(12),26692,43157,7.31,11.82,366041,356342,297320,297320,81.56,32.59,29.2,6.78,3.52,6.98,1.93,40.25,199039
13,Laxmi Sunrise Bank Limited,2081(12),34096,43120,9.3,11.76,348291,341358,286454,280032,79.89,26.32,24.04,6.72,3.67,5.86,2.07,30.83,238187
14,Siddhartha Bank Limited,2081(12),23894,29065,9.19,11.18,250490,249159,219714,216998,83.09,26.4,25.49,6.42,3.98,4.04,1.66,31.42,164491
15,Global IME Bank Limited,2081(12),53783,65405,10.17,12.36,537694,531510,438832,428960,78.04,33.03,28.11,6.21,3.79,4.98,1.71,29.8,350449
16,Citizens Bank International Limited,2081(12),19567,27315,8.84,12.34,202254,198958,173567,173308,85.52,24.49,22.45,6.57,3.83,5.71,2.17,33.67,137889
17,Prime Commercial Bank Limited,2081(12),26947,30611,10.02,11.39,249009,244252,220749,217062,84.8,27.81,25.67,6.82,3.65,5.65,1.47,31.51,136313
18,NMB Bank Limited,2081(12),27089,35739,9.23,12.18,272566,265848,237672,231936,83.96,27.35,22.34,6.44,3.8,4.47,2.02,32.35,147213
19,Prabhu Bank Limited,2081(12),26224,38812,8.67,12.84,325479,323939,234101,232086,73.3,36.84,34.13,6.73,3.9,5.09,2.16,30.17,197070
20,Sanima Bank Limited,2081(12),18948,25683,9.54,12.93,215044,210094,182216,178093,81.07,28.58,25.07,6.43,3.6,3.42,1.6,34.2,144878
,Sub Total,2081(12),483353,635642,9.39,12.35,5089341,4937121,4175552,4082520,80.6,30.11,26.39,6.41,3.72,5.05,1.68,32.13,3094834
,Grand Total,2081(12),567665,736386,9.52,12.35,6123322,5964971,4913244,4820200,78.8,31.18,27.41,6.28,3.77,5.05,1.66,33.5,3842991
1,Nepal Bank Limited,2082(03),24341,31622,10.05,13.06,336875,334242,236158,236155,71.1,38.33,35.4,5.58,3.9,4.47,0.79,36.97,283520
2,Rastriya Banijya Bank,2082(03),30037,37622,9.46,11.84,502791,495179,308904,308895,62.27,44.24,40.33,4.78,3.75,3.59,0.88,36.46,342650
3,Agriculture Development Bank,2082(03),32977,36932,11.93,13.36,293733,293292,216018,216018,72.82,37.76,38.95,5.61,3.96,3.26,0.42,59.55,175326
,Sub Total,2082(03),87355,106176,10.45,12.7,1133399,1122713,761080,761068,67.73,40.8,38.22,5.25,3.87,3.77,0.72,43.15,801496
4,Nabil Bank Limited,2082(03),51029,64000,9.52,11.94,532234,516158,433680,418097,82.48,27.31,25.1,5.71,3.57,4.27,0.95,31.65,343384
5,Nepal Investment Mega Bank Limited,2082(03),51787,64091,11.09,13.73,476291,454726,356576,351632,75.72,37.36,33.02,5.83,3.01,5.85,1.35,30.7,284222
6,Standard Chartered Bank Nepal Limited,2082(03),20710,23366,15.8,17.82,127408,109156,88520,83580,70.5,46.33,35.29,4.96,3.53,1.47,0.29,33.08,75852
7,Himalayan Bank Limited,2082(03),25103,33727,8.31,11.16,313060,289081,254337,245773,81.34,30,22.11,6.57,3.29,7.28,1.1,30.21,164583
8,Nepal SBI Bank Limited,2082(03),18127,23669,9.74,12.71,199512,183847,142848,138876,71.52,37.32,34,6.21,3.52,3.35,1.2,33.12,101006
9,Everest Bank Limited,2082(03),28112,35816,10.42,13.28,301154,295704,223673,216229,77.44,38.94,32.12,5.36,3.48,0.38,0.09,30.87,153881
10,NIC ASIA Bank Limited,2082(03),22784,34495,8.87,13.42,323560,323326,239328,239328,76.72,36.19,33.05,7.04,3.99,6.28,1.87,30.85,198123
11,Machhapuchhre Bank Limited,2082(03),16833,23670,9.41,13.23,185856,183333,147057,141292,80.65,31.18,26.75,6.25,3.79,3.83,1.19,34.48,131702
12,Kumari Bank Limited,2082(03),31134,44500,8.94,12.77,379620,370741,292313,290507,77.35,36.59,27.9,6.44,3.59,6.42,0.67,35.99,213977
13,Laxmi Sunrise Bank Limited,2082(03),37037,46009,10.12,12.57,371763,365306,287257,281959,78.63,31.35,28.36,6.49,3.51,4.25,1.05,29.65,250689
14,Siddhartha Bank Limited,2082(03),26380,31422,9.88,11.77,283414,281951,225539,222251,81.03,34.02,26.2,6.42,3.98,2.62,0.66,31.69,176128
15,Global IME Bank Limited,2082(03),56040,68182,10.66,12.97,575052,566990,440622,431726,76.06,37.75,31.17,5.58,3.63,4.87,1.23,29.03,377855
16,Citizens Bank International Limited,2082(03),20093,27989,8.94,12.45,214082,210702,175160,174897,84.45,28.06,23.5,6.25,3.64,4.94,1.44,33.61,144463
17,Prime Commercial Bank Limited,2082(03),28342,32030,10.39,11.74,268021,262727,224948,221401,83.37,27.37,25.41,6.49,3.69,5.56,1.92,31.76,150022
18,NMB Bank Limited,2082(03),28012,36685,9.18,12.03,283656,276577,243300,237676,84.31,27.39,22.92,6.03,3.82,3.72,1.37,31.95,152233
19,Prabhu Bank Limited,2082(03),31366,42772,10.19,13.9,348088,346462,241176,239242,70.78,39.81,36.4,6.67,3.73,4.96,1.06,31.27,211608
20,Sanima Bank Limited,2082(03),19762,26077,9.86,13.01,225482,220754,185732,183065,81.03,30.95,24.56,6.12,3.68,3.01,0.94,32.95,151243
,Sub Total,2082(03),512651,658500,9.96,12.8,5408251,5257543,4202066,4117532,78.48,33.86,28.7,6.14,3.6,4.56,1.11,31.62,3280970
,Grand Total,2082(03),600006,764676,10.03,12.78,6541650,6380256,4963146,4878601,76.63,35.07,30.13,5.99,3.66,4.44,1.05,33.31,4082466